<?xml version="1.0" encoding="utf-8"?>
<!DOCTYPE hibernate-mapping PUBLIC "-//Hibernate/Hibernate Mapping DTD 3.0//EN"
"http://hibernate.sourceforge.net/hibernate-mapping-3.0.dtd">
<hibernate-mapping>
	<class name="com.mwq.hibernate.mapping.TbAccountItem"
		table="tb_account_item">
		<id name="id" type="java.lang.Integer">
			<column name="id" />
			<generator class="increment" />
		</id>
		<property name="name" type="java.lang.String">
			<column name="name" length="10" not-null="true" />
		</property>
		<property name="type" type="java.lang.String">
			<column name="type" length="4" not-null="true" />
		</property>
		<property name="unit" type="java.lang.String">
			<column name="unit" length="2" not-null="true" />
		</property>
		<property name="isTimecard" type="java.lang.String">
			<column name="is_timecard" length="2" not-null="true" />
		</property>
	</class>
</hibernate-mapping>
