<?xml version="1.0" encoding="utf-8"?>
<!DOCTYPE hibernate-mapping PUBLIC "-//Hibernate/Hibernate Mapping DTD 3.0//EN"
"http://hibernate.sourceforge.net/hibernate-mapping-3.0.dtd">
<hibernate-mapping>
	<class name="com.mwq.hibernate.mapping.TbBringUpContent"
		table="tb_bring_up_content">
		<id name="id" type="java.lang.Integer">
			<column name="id" />
			<generator class="increment" />
		</id>
		<property name="name" type="java.lang.String">
			<column name="name" length="40" not-null="true" />
		</property>
		<property name="content" type="java.lang.String">
			<column name="content" length="100" not-null="true" />
		</property>
		<property name="object" type="java.lang.String">
			<column name="object" length="100" not-null="true" />
		</property>
		<property name="startDate" type="java.util.Date">
			<column name="start_date" length="23" not-null="true" />
		</property>
		<property name="endDate" type="java.util.Date">
			<column name="end_date" length="23" not-null="true" />
		</property>
		<property name="unit" type="java.lang.String">
			<column name="unit" length="40" not-null="true" />
		</property>
		<property name="lecturer" type="java.lang.String">
			<column name="lecturer" length="10" not-null="true" />
		</property>
		<property name="place" type="java.lang.String">
			<column name="place" length="60" not-null="true" />
		</property>
		<set name="tbBringUpOntents" inverse="true" cascade="all">
			<key>
				<column name="bring_up_content_id" not-null="true" />
			</key>
			<one-to-many
				class="com.mwq.hibernate.mapping.TbBringUpOntent" />
		</set>
	</class>
</hibernate-mapping>
