<?xml version="1.0" encoding="utf-8"?>
<!DOCTYPE hibernate-mapping PUBLIC "-//Hibernate/Hibernate Mapping DTD 3.0//EN"
"http://hibernate.sourceforge.net/hibernate-mapping-3.0.dtd">
<hibernate-mapping>
	<class name="com.mwq.hibernate.mapping.TbBringUpOntent"
		table="tb_bring_up_ontent">
		<id name="id" type="java.lang.Integer">
			<column name="id" />
			<generator class="increment" />
		</id>
		<many-to-one name="tbRecord"
			class="com.mwq.hibernate.mapping.TbRecord" fetch="select">
			<column name="record_id" length="6" not-null="true" />
		</many-to-one>
		<many-to-one name="tbBringUpContent"
			class="com.mwq.hibernate.mapping.TbBringUpContent" fetch="select">
			<column name="bring_up_content_id" not-null="true" />
		</many-to-one>
	</class>
</hibernate-mapping>
