<?xml version="1.0" encoding="utf-8"?>
<!DOCTYPE hibernate-mapping PUBLIC "-//Hibernate/Hibernate Mapping DTD 3.0//EN"
"http://hibernate.sourceforge.net/hibernate-mapping-3.0.dtd">
<hibernate-mapping>
	<class name="com.mwq.hibernate.mapping.TbNation"
		table="tb_nation">
		<id name="id" type="java.lang.Integer">
			<column name="id" />
			<generator class="increment" />
		</id>
		<property name="name" type="java.lang.String">
			<column name="name" length="20" not-null="true" />
		</property>
	</class>
</hibernate-mapping>
