<?xml version="1.0" encoding="utf-8"?>
<!DOCTYPE hibernate-mapping PUBLIC "-//Hibernate/Hibernate Mapping DTD 3.0//EN"
"http://hibernate.sourceforge.net/hibernate-mapping-3.0.dtd">
<hibernate-mapping>
	<class name="com.mwq.hibernate.mapping.TbReckoning"
		table="tb_reckoning">
		<id name="id" type="java.lang.Integer">
			<column name="id" />
			<generator class="increment" />
		</id>
		<set name="tbReckoningInfos" inverse="false" lazy="false"
			cascade="all-delete-orphan" order-by="account_item_id">
			<key>
				<column name="reckoning_id" not-null="true" />
			</key>
			<one-to-many
				class="com.mwq.hibernate.mapping.TbReckoningInfo" />
		</set>
		<set name="tbReckoningLists" inverse="false" lazy="false"
			cascade="all-delete-orphan">
			<key>
				<column name="reckoning_id" not-null="true" />
			</key>
			<one-to-many
				class="com.mwq.hibernate.mapping.TbReckoningList" />
		</set>
		<property name="name" type="java.lang.String">
			<column name="name" length="20" not-null="true" />
		</property>
		<property name="explain" type="java.lang.String">
			<column name="explain" length="100" not-null="true" />
		</property>
	</class>
</hibernate-mapping>
