<?xml version="1.0" encoding="utf-8"?>
<!DOCTYPE hibernate-mapping PUBLIC "-//Hibernate/Hibernate Mapping DTD 3.0//EN"
"http://hibernate.sourceforge.net/hibernate-mapping-3.0.dtd">
<hibernate-mapping>
	<class name="com.mwq.hibernate.mapping.TbReckoningList"
		table="tb_reckoning_list">
		<id name="recordId" type="java.lang.Integer">
			<column name="record_id" />
			<generator class="foreign">
				<param name="property">tbRecord</param>
			</generator>
		</id>
		<many-to-one name="tbReckoning"
			class="com.mwq.hibernate.mapping.TbReckoning" fetch="select">
			<column name="reckoning_id" not-null="true" />
		</many-to-one>
		<one-to-one name="tbRecord"
			class="com.mwq.hibernate.mapping.TbRecord" cascade="save-update"
			constrained="true" lazy="false" />
	</class>
</hibernate-mapping>
