<?xml version='1.0' encoding='UTF-8'?>
<!DOCTYPE hibernate-configuration PUBLIC
          "-//Hibernate/Hibernate Configuration DTD 3.0//EN"
          "http://hibernate.sourceforge.net/hibernate-configuration-3.0.dtd">
<hibernate-configuration>
	<session-factory>
		<!-- Hibernate方言 -->
		<property name="dialect">org.hibernate.dialect.MySQLDialect</property>
		<!-- 数据库连接 -->
		<property name="connection.url">jdbc:mysql://localhost:3306/db_database25</property>
		<!-- 用户名 -->
		<property name="connection.username">root</property>
		<!-- 密码 -->
		<property name="connection.password">111</property>
		<!-- 驱动 -->
		<property name="connection.driver_class">com.mysql.jdbc.Driver</property>
		<!-- 自动建表 -->
		<property name="hibernate.hbm2ddl.auto">update</property>
		<!-- 显示SQL语句 -->
		<property name="show_sql">true</property>
		<!-- 映射文件  -->
		<mapping resource="com/lyq/persistence/Medicine.hbm.xml" />
		<mapping resource="com/lyq/persistence/Category.hbm.xml" />
		<mapping resource="com/lyq/persistence/SellDetail.hbm.xml" />
		<mapping resource="com/lyq/persistence/User.hbm.xml" />
	</session-factory>
</hibernate-configuration>