<?xml version="1.0"?>
<!DOCTYPE hibernate-mapping PUBLIC "-//Hibernate/Hibernate Mapping DTD 3.0//EN"
"http://hibernate.sourceforge.net/hibernate-mapping-3.0.dtd">
<hibernate-mapping>
    <class name="com.lzw.model.TbBbs" table="tb_BBS" schema="dbo" catalog="db_shop">
        <id name="id" type="java.lang.Integer">
            <column name="ID" />
            <generator class="identity" />
        </id>
        <property name="title" type="java.lang.String">
            <column name="title" length="100" />
        </property>
        <property name="content" type="java.lang.String">
            <column name="content" length="4000" not-null="true" />
        </property>
        <property name="intime" type="java.util.Date">
            <column name="INTime" length="23" />
        </property>
    </class>
</hibernate-mapping>
