<?xml version="1.0"?>
<!DOCTYPE hibernate-mapping PUBLIC "-//Hibernate/Hibernate Mapping DTD 3.0//EN"
"http://hibernate.sourceforge.net/hibernate-mapping-3.0.dtd">
<hibernate-mapping>
    <class name="com.lzw.model.TbSuperType" table="tb_superType" schema="dbo" catalog="db_shop">
        <id name="id" type="java.lang.Integer">
            <column name="ID" />
            <generator class="identity" />
        </id>
        <property name="typeName" type="java.lang.String">
            <column name="TypeName" length="50" not-null="true" />
        </property>
        <set name="tbSubTypes" inverse="true">
            <key>
                <column name="superType" not-null="true" />
            </key>
            <one-to-many class="com.lzw.model.TbSubType" />
        </set>
    </class>
</hibernate-mapping>
